practice_id,cont_week,cases,sinwe,coswe,population,uk_imdquintile,gp_count,practice_country
1,45,1,-0.7485107481711011,0.6631226582407952,10409,3,10,England
1,60,1,0.8229838658936558,0.5680647467311567,10409,3,10,England
1,64,1,0.9927088740980539,0.12053668025532369,10409,3,10,England
1,67,1,0.9709418174260519,-0.23931566428755813,10409,3,10,England
1,70,1,0.8229838658936571,-0.5680647467311547,10409,3,10,England
1,83,1,-0.5680647467311561,-0.8229838658936561,10409,3,10,England
1,85,1,-0.7485107481711006,-0.6631226582407957,10409,3,10,England
1,87,3,-0.885456025653209,-0.4647231720437701,10409,3,10,England
1,93,1,-0.9709418174260523,0.23931566428755627,10409,3,10,England
1,98,1,-0.6631226582407957,0.7485107481711006,10409,3,10,England
1,99,1,-0.5680647467311554,0.8229838658936567,10409,3,10,England
1,104,1,1.2865142978712996e-15,1,10409,3,10,England
1,108,1,0.46472317204376773,0.8854560256532104,10409,3,10,England
1,111,1,0.7485107481711005,0.6631226582407957,10409,3,10,England
1,116,1,0.992708874098054,0.12053668025532305,10409,3,10,England
1,119,1,0.9709418174260525,-0.23931566428755616,10409,3,10,England
1,121,1,0.8854560256532096,-0.46472317204376923,10409,3,10,England
1,125,1,0.5680647467311569,-0.8229838658936556,10409,3,10,England
1,127,1,0.3546048870425363,-0.9350162426854146,10409,3,10,England
1,128,1,0.23931566428755902,-0.9709418174260517,10409,3,10,England
2,47,1,-0.5680647467311559,0.8229838658936564,12690,4,7,Scotland
2,50,1,-0.2393156642875578,0.970941817426052,12690,4,7,Scotland
2,53,2,0.12053668025532314,0.992708874098054,12690,4,7,Scotland
2,57,1,0.5680647467311555,0.8229838658936566,12690,4,7,Scotland
2,64,1,0.9927088740980539,0.12053668025532369,12690,4,7,Scotland
2,65,1,1,3.061515884555943e-16,12690,4,7,Scotland
2,66,1,0.992708874098054,-0.12053668025532309,12690,4,7,Scotland
2,68,1,0.9350162426854148,-0.35460488704253545,12690,4,7,Scotland
2,76,1,0.23931566428755877,-0.9709418174260518,12690,4,7,Scotland
2,77,1,0.12053668025532287,-0.992708874098054,12690,4,7,Scotland
2,83,2,-0.5680647467311561,-0.8229838658936561,12690,4,7,Scotland
2,85,3,-0.7485107481711006,-0.6631226582407957,12690,4,7,Scotland
2,87,3,-0.885456025653209,-0.4647231720437701,12690,4,7,Scotland
2,90,1,-0.992708874098054,-0.12053668025532294,12690,4,7,Scotland
2,92,1,-0.9927088740980541,0.12053668025532208,12690,4,7,Scotland
2,93,1,-0.9709418174260523,0.23931566428755627,12690,4,7,Scotland
2,95,2,-0.8854560256532102,0.4647231720437678,12690,4,7,Scotland
2,96,1,-0.8229838658936561,0.5680647467311561,12690,4,7,Scotland
2,100,1,-0.4647231720437686,0.8854560256532099,12690,4,7,Scotland
2,101,1,-0.3546048870425362,0.9350162426854146,12690,4,7,Scotland
2,102,1,-0.2393156642875589,0.9709418174260518,12690,4,7,Scotland
2,104,1,1.2865142978712996e-15,1,12690,4,7,Scotland
2,105,1,0.12053668025532378,0.9927088740980539,12690,4,7,Scotland
2,106,2,0.23931566428755793,0.970941817426052,12690,4,7,Scotland
2,107,1,0.3546048870425353,0.93501624268541494,12690,4,7,Scotland
2,108,1,0.46472317204376773,0.8854560256532104,12690,4,7,Scotland
2,109,1,0.5680647467311546,0.8229838658936572,12690,4,7,Scotland
2,112,1,0.8229838658936556,0.5680647467311569,12690,4,7,Scotland
2,113,1,0.8854560256532098,0.4647231720437687,12690,4,7,Scotland
2,115,1,0.9709418174260521,0.23931566428755724,12690,4,7,Scotland
2,124,2,0.6631226582407959,-0.7485107481711005,12690,4,7,Scotland
2,126,1,0.46472317204376873,-0.8854560256532098,12690,4,7,Scotland
2,132,1,-0.23931566428755782,-0.970941817426052,12690,4,7,Scotland
3,78,1,3.673819061467132e-16,-1,13185,3,6,England
3,83,1,-0.5680647467311561,-0.8229838658936561,13185,3,6,England
3,84,1,-0.6631226582407951,-0.7485107481711012,13185,3,6,England
3,85,2,-0.7485107481711006,-0.6631226582407957,13185,3,6,England
3,86,1,-0.8229838658936557,-0.5680647467311568,13185,3,6,England
3,87,1,-0.885456025653209,-0.4647231720437701,13185,3,6,England
3,90,1,-0.992708874098054,-0.12053668025532294,13185,3,6,England
3,94,1,-0.93501624268541494,0.35460488704253534,13185,3,6,England
3,100,1,-0.4647231720437686,0.8854560256532099,13185,3,6,England
3,102,1,-0.2393156642875589,0.9709418174260518,13185,3,6,England
3,104,1,1.2865142978712996e-15,1,13185,3,6,England
3,108,1,0.46472317204376773,0.8854560256532104,13185,3,6,England
3,110,1,0.663122658240795,0.7485107481711013,13185,3,6,England
3,111,1,0.7485107481711005,0.6631226582407957,13185,3,6,England
3,116,2,0.992708874098054,0.12053668025532305,13185,3,6,England
3,119,1,0.9709418174260525,-0.23931566428755616,13185,3,6,England
3,131,1,-0.12053668025532366,-0.992708874098054,13185,3,6,England
4,49,1,-0.35460488704253595,0.9350162426854147,7904,2,5,England
4,50,2,-0.2393156642875578,0.970941817426052,7904,2,5,England
4,51,1,-0.12053668025532363,0.992708874098054,7904,2,5,England
4,53,1,0.12053668025532314,0.992708874098054,7904,2,5,England
4,64,1,0.9927088740980539,0.12053668025532369,7904,2,5,England
4,68,1,0.9350162426854148,-0.35460488704253545,7904,2,5,England
4,70,1,0.8229838658936571,-0.5680647467311547,7904,2,5,England
4,73,1,0.5680647467311568,-0.8229838658936557,7904,2,5,England
5,48,1,-0.4647231720437684,0.88545602565321,5990,5,4,England
5,50,1,-0.2393156642875578,0.970941817426052,5990,5,4,England
5,52,1,6.432571489356498e-16,1,5990,5,4,England
5,60,1,0.8229838658936558,0.5680647467311567,5990,5,4,England
5,61,1,0.8854560256532099,0.46472317204376845,5990,5,4,England
5,63,1,0.970941817426052,0.23931566428755785,5990,5,4,England
5,64,1,0.9927088740980539,0.12053668025532369,5990,5,4,England
5,65,1,1,3.061515884555943e-16,5990,5,4,England
5,75,1,0.35460488704253607,-0.9350162426854146,5990,5,4,England
5,79,1,-0.12053668025532391,-0.9927088740980539,5990,5,4,England
5,84,1,-0.6631226582407951,-0.7485107481711012,5990,5,4,England
5,91,1,-1,-4.2861222383783204e-16,5990,5,4,England
5,92,1,-0.9927088740980541,0.12053668025532208,5990,5,4,England
5,93,1,-0.9709418174260523,0.23931566428755627,5990,5,4,England
5,94,1,-0.93501624268541494,0.35460488704253534,5990,5,4,England
5,96,1,-0.8229838658936561,0.5680647467311561,5990,5,4,England
5,103,1,-0.12053668025532475,0.9927088740980538,5990,5,4,England
5,106,1,0.23931566428755793,0.970941817426052,5990,5,4,England
5,136,1,-0.663122658240795,-0.7485107481711013,5990,5,4,England
6,46,1,-0.6631226582407955,0.7485107481711007,6372,4,2,England
6,50,1,-0.2393156642875578,0.970941817426052,6372,4,2,England
6,52,1,6.432571489356498e-16,1,6372,4,2,England
6,53,1,0.12053668025532314,0.992708874098054,6372,4,2,England
6,59,1,0.7485107481711007,0.6631226582407956,6372,4,2,England
6,69,1,0.8854560256532102,-0.4647231720437679,6372,4,2,England
6,76,1,0.23931566428755877,-0.9709418174260518,6372,4,2,England
6,78,1,3.673819061467132e-16,-1,6372,4,2,England
6,80,1,-0.23931566428755807,-0.9709418174260519,6372,4,2,England
6,84,1,-0.6631226582407951,-0.7485107481711012,6372,4,2,England
6,86,1,-0.8229838658936557,-0.5680647467311568,6372,4,2,England
6,100,1,-0.4647231720437686,0.8854560256532099,6372,4,2,England
6,102,1,-0.2393156642875589,0.9709418174260518,6372,4,2,England
6,106,1,0.23931566428755793,0.970941817426052,6372,4,2,England
6,107,1,0.3546048870425353,0.93501624268541494,6372,4,2,England
6,111,1,0.7485107481711005,0.6631226582407957,6372,4,2,England
6,116,1,0.992708874098054,0.12053668025532305,6372,4,2,England
6,117,2,1,5.510728592200698e-16,6372,4,2,England
6,123,1,0.7485107481711013,-0.663122658240795,6372,4,2,England
6,127,1,0.3546048870425363,-0.9350162426854146,6372,4,2,England
6,132,1,-0.23931566428755782,-0.970941817426052,6372,4,2,England
7,85,1,-0.7485107481711006,-0.6631226582407957,8910,2,5,England
7,99,1,-0.5680647467311554,0.8229838658936567,8910,2,5,England
7,104,1,1.2865142978712996e-15,1,8910,2,5,England
7,105,1,0.12053668025532378,0.9927088740980539,8910,2,5,England
7,106,1,0.23931566428755793,0.970941817426052,8910,2,5,England
7,112,1,0.8229838658936556,0.5680647467311569,8910,2,5,England
7,113,1,0.8854560256532098,0.4647231720437687,8910,2,5,England
7,133,1,-0.3546048870425352,-0.93501624268541494,8910,2,5,England
8,90,2,-0.992708874098054,-0.12053668025532294,13497,5,10,England
8,91,1,-1,-4.2861222383783204e-16,13497,5,10,England
8,94,1,-0.93501624268541494,0.35460488704253534,13497,5,10,England
8,96,1,-0.8229838658936561,0.5680647467311561,13497,5,10,England
8,100,1,-0.4647231720437686,0.8854560256532099,13497,5,10,England
8,101,1,-0.3546048870425362,0.9350162426854146,13497,5,10,England
8,102,1,-0.2393156642875589,0.9709418174260518,13497,5,10,England
8,103,2,-0.12053668025532475,0.9927088740980538,13497,5,10,England
8,104,2,1.2865142978712996e-15,1,13497,5,10,England
8,105,1,0.12053668025532378,0.9927088740980539,13497,5,10,England
8,106,2,0.23931566428755793,0.970941817426052,13497,5,10,England
8,108,1,0.46472317204376773,0.8854560256532104,13497,5,10,England
8,117,1,1,5.510728592200698e-16,13497,5,10,England
8,118,2,0.9927088740980541,-0.12053668025532197,13497,5,10,England
8,119,1,0.9709418174260525,-0.23931566428755616,13497,5,10,England
8,121,2,0.8854560256532096,-0.46472317204376923,13497,5,10,England
8,123,1,0.7485107481711013,-0.663122658240795,13497,5,10,England
8,125,1,0.5680647467311569,-0.8229838658936556,13497,5,10,England
8,129,1,0.12053668025532488,-0.9927088740980538,13497,5,10,England
8,131,1,-0.12053668025532366,-0.992708874098054,13497,5,10,England
8,132,1,-0.23931566428755782,-0.970941817426052,13497,5,10,England
8,133,2,-0.3546048870425352,-0.93501624268541494,13497,5,10,England
8,137,1,-0.7485107481711016,-0.6631226582407945,13497,5,10,England
10,83,1,-0.5680647467311561,-0.8229838658936561,8938,3,9,England
10,84,1,-0.6631226582407951,-0.7485107481711012,8938,3,9,England
10,85,3,-0.7485107481711006,-0.6631226582407957,8938,3,9,England
10,87,1,-0.885456025653209,-0.4647231720437701,8938,3,9,England
10,89,1,-0.9709418174260522,-0.2393156642875571,8938,3,9,England
10,90,1,-0.992708874098054,-0.12053668025532294,8938,3,9,England
10,91,2,-1,-4.2861222383783204e-16,8938,3,9,England
10,93,1,-0.9709418174260523,0.23931566428755627,8938,3,9,England
10,94,1,-0.93501624268541494,0.35460488704253534,8938,3,9,England
10,95,1,-0.8854560256532102,0.4647231720437678,8938,3,9,England
10,96,1,-0.8229838658936561,0.5680647467311561,8938,3,9,England
10,97,1,-0.7485107481711012,0.6631226582407951,8938,3,9,England
10,98,1,-0.6631226582407957,0.7485107481711006,8938,3,9,England
10,99,1,-0.5680647467311554,0.8229838658936567,8938,3,9,England
10,102,1,-0.2393156642875589,0.9709418174260518,8938,3,9,England
10,103,2,-0.12053668025532475,0.9927088740980538,8938,3,9,England
10,104,2,1.2865142978712996e-15,1,8938,3,9,England
10,106,1,0.23931566428755793,0.970941817426052,8938,3,9,England
10,107,1,0.3546048870425353,0.93501624268541494,8938,3,9,England
10,108,1,0.46472317204376773,0.8854560256532104,8938,3,9,England
10,109,2,0.5680647467311546,0.8229838658936572,8938,3,9,England
10,113,1,0.8854560256532098,0.4647231720437687,8938,3,9,England
10,118,1,0.9927088740980541,-0.12053668025532197,8938,3,9,England
10,122,2,0.8229838658936562,-0.568064746731156,8938,3,9,England
10,123,1,0.7485107481711013,-0.663122658240795,8938,3,9,England
10,127,1,0.3546048870425363,-0.9350162426854146,8938,3,9,England
10,129,1,0.12053668025532488,-0.9927088740980538,8938,3,9,England
10,130,1,6.123031769111886e-16,-1,8938,3,9,England
10,136,1,-0.663122658240795,-0.7485107481711013,8938,3,9,England
10,137,1,-0.7485107481711016,-0.6631226582407945,8938,3,9,England
11,83,1,-0.5680647467311561,-0.8229838658936561,11056,3,7,England
11,86,1,-0.8229838658936557,-0.5680647467311568,11056,3,7,England
11,87,1,-0.885456025653209,-0.4647231720437701,11056,3,7,England
11,101,2,-0.3546048870425362,0.9350162426854146,11056,3,7,England
11,103,1,-0.12053668025532475,0.9927088740980538,11056,3,7,England
11,104,1,1.2865142978712996e-15,1,11056,3,7,England
11,106,1,0.23931566428755793,0.970941817426052,11056,3,7,England
11,108,1,0.46472317204376773,0.8854560256532104,11056,3,7,England
11,109,1,0.5680647467311546,0.8229838658936572,11056,3,7,England
11,111,2,0.7485107481711005,0.6631226582407957,11056,3,7,England
11,113,1,0.8854560256532098,0.4647231720437687,11056,3,7,England
11,117,1,1,5.510728592200698e-16,11056,3,7,England
11,119,1,0.9709418174260525,-0.23931566428755616,11056,3,7,England
11,121,1,0.8854560256532096,-0.46472317204376923,11056,3,7,England
11,123,1,0.7485107481711013,-0.663122658240795,11056,3,7,England
11,133,1,-0.3546048870425352,-0.93501624268541494,11056,3,7,England
11,135,1,-0.5680647467311545,-0.8229838658936574,11056,3,7,England
12,104,1,1.2865142978712996e-15,1,10241,3,7,England
12,113,1,0.8854560256532098,0.4647231720437687,10241,3,7,England
12,115,1,0.9709418174260521,0.23931566428755724,10241,3,7,England
12,119,2,0.9709418174260525,-0.23931566428755616,10241,3,7,England
12,120,1,0.9350162426854156,-0.35460488704253357,10241,3,7,England
12,121,1,0.8854560256532096,-0.46472317204376923,10241,3,7,England
12,122,1,0.8229838658936562,-0.568064746731156,10241,3,7,England
12,123,2,0.7485107481711013,-0.663122658240795,10241,3,7,England
12,129,1,0.12053668025532488,-0.9927088740980538,10241,3,7,England
12,131,1,-0.12053668025532366,-0.992708874098054,10241,3,7,England
12,132,1,-0.23931566428755782,-0.970941817426052,10241,3,7,England
12,133,1,-0.3546048870425352,-0.93501624268541494,10241,3,7,England
12,134,1,-0.4647231720437692,-0.8854560256532096,10241,3,7,England
12,135,2,-0.5680647467311545,-0.8229838658936574,10241,3,7,England
12,136,1,-0.663122658240795,-0.7485107481711013,10241,3,7,England
12,137,1,-0.7485107481711016,-0.6631226582407945,10241,3,7,England
13,76,1,0.23931566428755877,-0.9709418174260518,10519,2,6,England
13,82,1,-0.46472317204376784,-0.8854560256532102,10519,2,6,England
13,85,1,-0.7485107481711006,-0.6631226582407957,10519,2,6,England
13,91,2,-1,-4.2861222383783204e-16,10519,2,6,England
13,94,2,-0.93501624268541494,0.35460488704253534,10519,2,6,England
13,95,2,-0.8854560256532102,0.4647231720437678,10519,2,6,England
13,97,1,-0.7485107481711012,0.6631226582407951,10519,2,6,England
13,98,1,-0.6631226582407957,0.7485107481711006,10519,2,6,England
13,101,2,-0.3546048870425362,0.9350162426854146,10519,2,6,England
13,104,1,1.2865142978712996e-15,1,10519,2,6,England
13,105,2,0.12053668025532378,0.9927088740980539,10519,2,6,England
13,106,1,0.23931566428755793,0.970941817426052,10519,2,6,England
13,109,1,0.5680647467311546,0.8229838658936572,10519,2,6,England
13,110,1,0.663122658240795,0.7485107481711013,10519,2,6,England
13,112,1,0.8229838658936556,0.5680647467311569,10519,2,6,England
13,113,1,0.8854560256532098,0.4647231720437687,10519,2,6,England
13,117,1,1,5.510728592200698e-16,10519,2,6,England
13,118,1,0.9927088740980541,-0.12053668025532197,10519,2,6,England
13,120,1,0.9350162426854156,-0.35460488704253357,10519,2,6,England
13,123,1,0.7485107481711013,-0.663122658240795,10519,2,6,England
13,124,1,0.6631226582407959,-0.7485107481711005,10519,2,6,England
13,127,1,0.3546048870425363,-0.9350162426854146,10519,2,6,England
13,128,1,0.23931566428755902,-0.9709418174260517,10519,2,6,England
13,129,1,0.12053668025532488,-0.9927088740980538,10519,2,6,England
13,133,1,-0.3546048870425352,-0.93501624268541494,10519,2,6,England
13,135,1,-0.5680647467311545,-0.8229838658936574,10519,2,6,England
14,102,1,-0.2393156642875589,0.9709418174260518,16971,3,9,England
14,103,1,-0.12053668025532475,0.9927088740980538,16971,3,9,England
14,104,2,1.2865142978712996e-15,1,16971,3,9,England
14,108,1,0.46472317204376773,0.8854560256532104,16971,3,9,England
14,119,1,0.9709418174260525,-0.23931566428755616,16971,3,9,England
14,124,1,0.6631226582407959,-0.7485107481711005,16971,3,9,England
14,135,1,-0.5680647467311545,-0.8229838658936574,16971,3,9,England
15,79,1,-0.12053668025532391,-0.9927088740980539,9781,4,8,Scotland
15,80,1,-0.23931566428755807,-0.9709418174260519,9781,4,8,Scotland
15,87,1,-0.885456025653209,-0.4647231720437701,9781,4,8,Scotland
15,89,1,-0.9709418174260522,-0.2393156642875571,9781,4,8,Scotland
15,90,1,-0.992708874098054,-0.12053668025532294,9781,4,8,Scotland
15,91,2,-1,-4.2861222383783204e-16,9781,4,8,Scotland
15,95,2,-0.8854560256532102,0.4647231720437678,9781,4,8,Scotland
15,96,1,-0.8229838658936561,0.5680647467311561,9781,4,8,Scotland
15,97,1,-0.7485107481711012,0.6631226582407951,9781,4,8,Scotland
15,98,1,-0.6631226582407957,0.7485107481711006,9781,4,8,Scotland
15,108,1,0.46472317204376773,0.8854560256532104,9781,4,8,Scotland
15,112,1,0.8229838658936556,0.5680647467311569,9781,4,8,Scotland
15,115,1,0.9709418174260521,0.23931566428755724,9781,4,8,Scotland
15,119,1,0.9709418174260525,-0.23931566428755616,9781,4,8,Scotland
15,121,1,0.8854560256532096,-0.46472317204376923,9781,4,8,Scotland
15,122,1,0.8229838658936562,-0.568064746731156,9781,4,8,Scotland
15,124,2,0.6631226582407959,-0.7485107481711005,9781,4,8,Scotland
15,126,1,0.46472317204376873,-0.8854560256532098,9781,4,8,Scotland
15,128,1,0.23931566428755902,-0.9709418174260517,9781,4,8,Scotland
16,89,1,-0.9709418174260522,-0.2393156642875571,2170,1,3,Northern Ireland
16,96,1,-0.8229838658936561,0.5680647467311561,2170,1,3,Northern Ireland
16,97,1,-0.7485107481711012,0.6631226582407951,2170,1,3,Northern Ireland
16,98,2,-0.6631226582407957,0.7485107481711006,2170,1,3,Northern Ireland
16,115,1,0.9709418174260521,0.23931566428755724,2170,1,3,Northern Ireland
17,83,2,-0.5680647467311561,-0.8229838658936561,15911,3,6,England
17,86,1,-0.8229838658936557,-0.5680647467311568,15911,3,6,England
17,94,1,-0.93501624268541494,0.35460488704253534,15911,3,6,England
17,95,1,-0.8854560256532102,0.4647231720437678,15911,3,6,England
17,96,1,-0.8229838658936561,0.5680647467311561,15911,3,6,England
17,97,1,-0.7485107481711012,0.6631226582407951,15911,3,6,England
17,100,1,-0.4647231720437686,0.8854560256532099,15911,3,6,England
17,102,1,-0.2393156642875589,0.9709418174260518,15911,3,6,England
17,103,2,-0.12053668025532475,0.9927088740980538,15911,3,6,England
17,105,2,0.12053668025532378,0.9927088740980539,15911,3,6,England
17,109,1,0.5680647467311546,0.8229838658936572,15911,3,6,England
17,110,1,0.663122658240795,0.7485107481711013,15911,3,6,England
17,111,1,0.7485107481711005,0.6631226582407957,15911,3,6,England
17,112,1,0.8229838658936556,0.5680647467311569,15911,3,6,England
17,114,1,0.9350162426854146,0.35460488704253623,15911,3,6,England
17,115,2,0.9709418174260521,0.23931566428755724,15911,3,6,England
17,117,1,1,5.510728592200698e-16,15911,3,6,England
17,119,1,0.9709418174260525,-0.23931566428755616,15911,3,6,England
17,121,1,0.8854560256532096,-0.46472317204376923,15911,3,6,England
17,122,1,0.8229838658936562,-0.568064746731156,15911,3,6,England
17,123,1,0.7485107481711013,-0.663122658240795,15911,3,6,England
17,125,1,0.5680647467311569,-0.8229838658936556,15911,3,6,England
17,126,2,0.46472317204376873,-0.8854560256532098,15911,3,6,England
17,129,2,0.12053668025532488,-0.9927088740980538,15911,3,6,England
17,131,1,-0.12053668025532366,-0.992708874098054,15911,3,6,England
18,77,1,0.12053668025532287,-0.992708874098054,16747,5,10,England
18,81,1,-0.3546048870425354,-0.93501624268541494,16747,5,10,England
18,92,1,-0.9927088740980541,0.12053668025532208,16747,5,10,England
18,95,1,-0.8854560256532102,0.4647231720437678,16747,5,10,England
18,96,1,-0.8229838658936561,0.5680647467311561,16747,5,10,England
18,107,2,0.3546048870425353,0.93501624268541494,16747,5,10,England
18,108,1,0.46472317204376773,0.8854560256532104,16747,5,10,England
18,118,1,0.9927088740980541,-0.12053668025532197,16747,5,10,England
18,119,2,0.9709418174260525,-0.23931566428755616,16747,5,10,England
18,121,1,0.8854560256532096,-0.46472317204376923,16747,5,10,England
18,122,2,0.8229838658936562,-0.568064746731156,16747,5,10,England
18,124,1,0.6631226582407959,-0.7485107481711005,16747,5,10,England
18,129,1,0.12053668025532488,-0.9927088740980538,16747,5,10,England
18,132,1,-0.23931566428755782,-0.970941817426052,16747,5,10,England
19,77,1,0.12053668025532287,-0.992708874098054,14730,2,11,Wales
19,79,1,-0.12053668025532391,-0.9927088740980539,14730,2,11,Wales
19,83,2,-0.5680647467311561,-0.8229838658936561,14730,2,11,Wales
19,85,1,-0.7485107481711006,-0.6631226582407957,14730,2,11,Wales
19,87,1,-0.885456025653209,-0.4647231720437701,14730,2,11,Wales
19,89,1,-0.9709418174260522,-0.2393156642875571,14730,2,11,Wales
19,90,1,-0.992708874098054,-0.12053668025532294,14730,2,11,Wales
19,91,1,-1,-4.2861222383783204e-16,14730,2,11,Wales
19,94,1,-0.93501624268541494,0.35460488704253534,14730,2,11,Wales
19,95,1,-0.8854560256532102,0.4647231720437678,14730,2,11,Wales
19,97,2,-0.7485107481711012,0.6631226582407951,14730,2,11,Wales
19,99,3,-0.5680647467311554,0.8229838658936567,14730,2,11,Wales
19,100,1,-0.4647231720437686,0.8854560256532099,14730,2,11,Wales
19,101,2,-0.3546048870425362,0.9350162426854146,14730,2,11,Wales
19,103,1,-0.12053668025532475,0.9927088740980538,14730,2,11,Wales
19,104,1,1.2865142978712996e-15,1,14730,2,11,Wales
19,105,1,0.12053668025532378,0.9927088740980539,14730,2,11,Wales
19,110,1,0.663122658240795,0.7485107481711013,14730,2,11,Wales
19,111,1,0.7485107481711005,0.6631226582407957,14730,2,11,Wales
19,112,1,0.8229838658936556,0.5680647467311569,14730,2,11,Wales
19,114,2,0.9350162426854146,0.35460488704253623,14730,2,11,Wales
19,115,1,0.9709418174260521,0.23931566428755724,14730,2,11,Wales
19,124,1,0.6631226582407959,-0.7485107481711005,14730,2,11,Wales
19,127,2,0.3546048870425363,-0.9350162426854146,14730,2,11,Wales
19,128,1,0.23931566428755902,-0.9709418174260517,14730,2,11,Wales
19,132,1,-0.23931566428755782,-0.970941817426052,14730,2,11,Wales
19,133,1,-0.3546048870425352,-0.93501624268541494,14730,2,11,Wales
20,95,1,-0.8854560256532102,0.4647231720437678,10322,2,6,England
20,101,1,-0.3546048870425362,0.9350162426854146,10322,2,6,England
20,110,1,0.663122658240795,0.7485107481711013,10322,2,6,England
20,112,1,0.8229838658936556,0.5680647467311569,10322,2,6,England
20,126,1,0.46472317204376873,-0.8854560256532098,10322,2,6,England
23,84,1,-0.6631226582407951,-0.7485107481711012,7877,2,9,England
23,86,1,-0.8229838658936557,-0.5680647467311568,7877,2,9,England
23,87,1,-0.885456025653209,-0.4647231720437701,7877,2,9,England
23,89,1,-0.9709418174260522,-0.2393156642875571,7877,2,9,England
23,91,1,-1,-4.2861222383783204e-16,7877,2,9,England
23,100,1,-0.4647231720437686,0.8854560256532099,7877,2,9,England
23,102,2,-0.2393156642875589,0.9709418174260518,7877,2,9,England
23,111,1,0.7485107481711005,0.6631226582407957,7877,2,9,England
23,118,1,0.9927088740980541,-0.12053668025532197,7877,2,9,England
23,126,2,0.46472317204376873,-0.8854560256532098,7877,2,9,England
23,127,1,0.3546048870425363,-0.9350162426854146,7877,2,9,England
23,128,1,0.23931566428755902,-0.9709418174260517,7877,2,9,England
23,131,1,-0.12053668025532366,-0.992708874098054,7877,2,9,England
23,133,1,-0.3546048870425352,-0.93501624268541494,7877,2,9,England
23,135,1,-0.5680647467311545,-0.8229838658936574,7877,2,9,England
23,139,1,-0.8854560256532098,-0.4647231720437688,7877,2,9,England
24,79,2,-0.12053668025532391,-0.9927088740980539,14008,3,9,England
24,81,1,-0.3546048870425354,-0.93501624268541494,14008,3,9,England
24,83,1,-0.5680647467311561,-0.8229838658936561,14008,3,9,England
24,87,1,-0.885456025653209,-0.4647231720437701,14008,3,9,England
24,92,1,-0.9927088740980541,0.12053668025532208,14008,3,9,England
24,93,1,-0.9709418174260523,0.23931566428755627,14008,3,9,England
24,95,1,-0.8854560256532102,0.4647231720437678,14008,3,9,England
24,97,1,-0.7485107481711012,0.6631226582407951,14008,3,9,England
24,102,2,-0.2393156642875589,0.9709418174260518,14008,3,9,England
24,108,1,0.46472317204376773,0.8854560256532104,14008,3,9,England
24,111,1,0.7485107481711005,0.6631226582407957,14008,3,9,England
24,134,1,-0.4647231720437692,-0.8854560256532096,14008,3,9,England
24,137,1,-0.7485107481711016,-0.6631226582407945,14008,3,9,England
25,98,2,-0.6631226582407957,0.7485107481711006,5710,3,3,England
25,102,1,-0.2393156642875589,0.9709418174260518,5710,3,3,England
25,103,3,-0.12053668025532475,0.9927088740980538,5710,3,3,England
25,105,1,0.12053668025532378,0.9927088740980539,5710,3,3,England
25,106,1,0.23931566428755793,0.970941817426052,5710,3,3,England
25,108,1,0.46472317204376773,0.8854560256532104,5710,3,3,England
25,116,1,0.992708874098054,0.12053668025532305,5710,3,3,England
25,118,1,0.9927088740980541,-0.12053668025532197,5710,3,3,England
25,122,1,0.8229838658936562,-0.568064746731156,5710,3,3,England
25,123,1,0.7485107481711013,-0.663122658240795,5710,3,3,England
25,124,1,0.6631226582407959,-0.7485107481711005,5710,3,3,England
25,129,1,0.12053668025532488,-0.9927088740980538,5710,3,3,England
25,130,1,6.123031769111886e-16,-1,5710,3,3,England
25,131,1,-0.12053668025532366,-0.992708874098054,5710,3,3,England
25,133,1,-0.3546048870425352,-0.93501624268541494,5710,3,3,England
26,84,1,-0.6631226582407951,-0.7485107481711012,5297,3,2,England
26,91,1,-1,-4.2861222383783204e-16,5297,3,2,England
26,94,1,-0.93501624268541494,0.35460488704253534,5297,3,2,England
26,106,1,0.23931566428755793,0.970941817426052,5297,3,2,England
26,107,1,0.3546048870425353,0.93501624268541494,5297,3,2,England
26,112,1,0.8229838658936556,0.5680647467311569,5297,3,2,England
26,114,1,0.9350162426854146,0.35460488704253623,5297,3,2,England
26,116,1,0.992708874098054,0.12053668025532305,5297,3,2,England
26,118,1,0.9927088740980541,-0.12053668025532197,5297,3,2,England
26,127,1,0.3546048870425363,-0.9350162426854146,5297,3,2,England
26,130,1,6.123031769111886e-16,-1,5297,3,2,England
26,138,1,-0.8229838658936556,-0.568064746731157,5297,3,2,England
27,91,2,-1,-4.2861222383783204e-16,8400,2,6,England
27,92,1,-0.9927088740980541,0.12053668025532208,8400,2,6,England
27,93,1,-0.9709418174260523,0.23931566428755627,8400,2,6,England
27,94,1,-0.93501624268541494,0.35460488704253534,8400,2,6,England
27,98,1,-0.6631226582407957,0.7485107481711006,8400,2,6,England
27,99,2,-0.5680647467311554,0.8229838658936567,8400,2,6,England
27,100,2,-0.4647231720437686,0.8854560256532099,8400,2,6,England
27,107,1,0.3546048870425353,0.93501624268541494,8400,2,6,England
27,108,1,0.46472317204376773,0.8854560256532104,8400,2,6,England
27,109,1,0.5680647467311546,0.8229838658936572,8400,2,6,England
27,111,2,0.7485107481711005,0.6631226582407957,8400,2,6,England
27,120,1,0.9350162426854156,-0.35460488704253357,8400,2,6,England
27,124,1,0.6631226582407959,-0.7485107481711005,8400,2,6,England
27,125,1,0.5680647467311569,-0.8229838658936556,8400,2,6,England
27,126,1,0.46472317204376873,-0.8854560256532098,8400,2,6,England
27,127,1,0.3546048870425363,-0.9350162426854146,8400,2,6,England
27,136,1,-0.663122658240795,-0.7485107481711013,8400,2,6,England
28,82,1,-0.46472317204376784,-0.8854560256532102,5630,1,3,England
28,83,1,-0.5680647467311561,-0.8229838658936561,5630,1,3,England
28,99,1,-0.5680647467311554,0.8229838658936567,5630,1,3,England
28,110,1,0.663122658240795,0.7485107481711013,5630,1,3,England
28,111,1,0.7485107481711005,0.6631226582407957,5630,1,3,England
28,116,1,0.992708874098054,0.12053668025532305,5630,1,3,England
28,128,1,0.23931566428755902,-0.9709418174260517,5630,1,3,England
28,130,1,6.123031769111886e-16,-1,5630,1,3,England
28,134,1,-0.4647231720437692,-0.8854560256532096,5630,1,3,England
29,101,1,-0.3546048870425362,0.9350162426854146,18270,3,14,England
29,103,1,-0.12053668025532475,0.9927088740980538,18270,3,14,England
29,105,2,0.12053668025532378,0.9927088740980539,18270,3,14,England
29,106,2,0.23931566428755793,0.970941817426052,18270,3,14,England
29,109,1,0.5680647467311546,0.8229838658936572,18270,3,14,England
29,110,1,0.663122658240795,0.7485107481711013,18270,3,14,England
29,112,1,0.8229838658936556,0.5680647467311569,18270,3,14,England
29,116,2,0.992708874098054,0.12053668025532305,18270,3,14,England
29,117,1,1,5.510728592200698e-16,18270,3,14,England
29,118,1,0.9927088740980541,-0.12053668025532197,18270,3,14,England
29,120,1,0.9350162426854156,-0.35460488704253357,18270,3,14,England
29,122,1,0.8229838658936562,-0.568064746731156,18270,3,14,England
29,126,2,0.46472317204376873,-0.8854560256532098,18270,3,14,England
29,127,1,0.3546048870425363,-0.9350162426854146,18270,3,14,England
29,129,1,0.12053668025532488,-0.9927088740980538,18270,3,14,England
29,130,1,6.123031769111886e-16,-1,18270,3,14,England
29,132,1,-0.23931566428755782,-0.970941817426052,18270,3,14,England
29,138,1,-0.8229838658936556,-0.568064746731157,18270,3,14,England
30,100,1,-0.4647231720437686,0.8854560256532099,4415,1,3,Scotland
30,105,1,0.12053668025532378,0.9927088740980539,4415,1,3,Scotland
30,113,1,0.8854560256532098,0.4647231720437687,4415,1,3,Scotland
30,120,2,0.9350162426854156,-0.35460488704253357,4415,1,3,Scotland
30,125,1,0.5680647467311569,-0.8229838658936556,4415,1,3,Scotland
30,127,1,0.3546048870425363,-0.9350162426854146,4415,1,3,Scotland
30,128,1,0.23931566428755902,-0.9709418174260517,4415,1,3,Scotland
31,88,1,-0.935016242685414,-0.3546048870425378,14090,1,9,England
31,99,1,-0.5680647467311554,0.8229838658936567,14090,1,9,England
31,101,1,-0.3546048870425362,0.9350162426854146,14090,1,9,England
31,102,1,-0.2393156642875589,0.9709418174260518,14090,1,9,England
32,88,1,-0.935016242685414,-0.3546048870425378,1844,4,2,Scotland
32,92,2,-0.9927088740980541,0.12053668025532208,1844,4,2,Scotland
32,97,1,-0.7485107481711012,0.6631226582407951,1844,4,2,Scotland
32,99,1,-0.5680647467311554,0.8229838658936567,1844,4,2,Scotland
32,103,1,-0.12053668025532475,0.9927088740980538,1844,4,2,Scotland
32,105,3,0.12053668025532378,0.9927088740980539,1844,4,2,Scotland
32,108,1,0.46472317204376773,0.8854560256532104,1844,4,2,Scotland
32,110,1,0.663122658240795,0.7485107481711013,1844,4,2,Scotland
32,112,2,0.8229838658936556,0.5680647467311569,1844,4,2,Scotland
32,117,1,1,5.510728592200698e-16,1844,4,2,Scotland
32,118,2,0.9927088740980541,-0.12053668025532197,1844,4,2,Scotland
32,121,1,0.8854560256532096,-0.46472317204376923,1844,4,2,Scotland
32,122,1,0.8229838658936562,-0.568064746731156,1844,4,2,Scotland
32,123,1,0.7485107481711013,-0.663122658240795,1844,4,2,Scotland
32,124,1,0.6631226582407959,-0.7485107481711005,1844,4,2,Scotland
32,126,1,0.46472317204376873,-0.8854560256532098,1844,4,2,Scotland
32,128,1,0.23931566428755902,-0.9709418174260517,1844,4,2,Scotland
32,129,2,0.12053668025532488,-0.9927088740980538,1844,4,2,Scotland
32,130,1,6.123031769111886e-16,-1,1844,4,2,Scotland
32,132,1,-0.23931566428755782,-0.970941817426052,1844,4,2,Scotland
32,133,1,-0.3546048870425352,-0.93501624268541494,1844,4,2,Scotland
32,135,1,-0.5680647467311545,-0.8229838658936574,1844,4,2,Scotland
32,136,1,-0.663122658240795,-0.7485107481711013,1844,4,2,Scotland
32,138,1,-0.8229838658936556,-0.568064746731157,1844,4,2,Scotland
33,79,1,-0.12053668025532391,-0.9927088740980539,12010,2,6,Wales
33,80,1,-0.23931566428755807,-0.9709418174260519,12010,2,6,Wales
33,86,1,-0.8229838658936557,-0.5680647467311568,12010,2,6,Wales
33,87,1,-0.885456025653209,-0.4647231720437701,12010,2,6,Wales
33,88,2,-0.935016242685414,-0.3546048870425378,12010,2,6,Wales
33,92,3,-0.9927088740980541,0.12053668025532208,12010,2,6,Wales
33,94,1,-0.93501624268541494,0.35460488704253534,12010,2,6,Wales
33,97,1,-0.7485107481711012,0.6631226582407951,12010,2,6,Wales
33,99,1,-0.5680647467311554,0.8229838658936567,12010,2,6,Wales
33,101,1,-0.3546048870425362,0.9350162426854146,12010,2,6,Wales
33,103,1,-0.12053668025532475,0.9927088740980538,12010,2,6,Wales
33,104,2,1.2865142978712996e-15,1,12010,2,6,Wales
33,106,2,0.23931566428755793,0.970941817426052,12010,2,6,Wales
33,108,1,0.46472317204376773,0.8854560256532104,12010,2,6,Wales
33,110,1,0.663122658240795,0.7485107481711013,12010,2,6,Wales
33,111,1,0.7485107481711005,0.6631226582407957,12010,2,6,Wales
33,112,1,0.8229838658936556,0.5680647467311569,12010,2,6,Wales
33,114,1,0.9350162426854146,0.35460488704253623,12010,2,6,Wales
33,115,1,0.9709418174260521,0.23931566428755724,12010,2,6,Wales
33,117,1,1,5.510728592200698e-16,12010,2,6,Wales
33,119,1,0.9709418174260525,-0.23931566428755616,12010,2,6,Wales
33,124,1,0.6631226582407959,-0.7485107481711005,12010,2,6,Wales
33,138,1,-0.8229838658936556,-0.568064746731157,12010,2,6,Wales
34,83,1,-0.5680647467311561,-0.8229838658936561,8356,2,6,England
34,84,1,-0.6631226582407951,-0.7485107481711012,8356,2,6,England
34,85,2,-0.7485107481711006,-0.6631226582407957,8356,2,6,England
34,86,1,-0.8229838658936557,-0.5680647467311568,8356,2,6,England
34,89,1,-0.9709418174260522,-0.2393156642875571,8356,2,6,England
34,91,1,-1,-4.2861222383783204e-16,8356,2,6,England
34,92,1,-0.9927088740980541,0.12053668025532208,8356,2,6,England
34,93,1,-0.9709418174260523,0.23931566428755627,8356,2,6,England
34,96,2,-0.8229838658936561,0.5680647467311561,8356,2,6,England
34,99,1,-0.5680647467311554,0.8229838658936567,8356,2,6,England
34,100,1,-0.4647231720437686,0.8854560256532099,8356,2,6,England
34,103,2,-0.12053668025532475,0.9927088740980538,8356,2,6,England
34,106,1,0.23931566428755793,0.970941817426052,8356,2,6,England
34,111,1,0.7485107481711005,0.6631226582407957,8356,2,6,England
34,113,1,0.8854560256532098,0.4647231720437687,8356,2,6,England
34,114,1,0.9350162426854146,0.35460488704253623,8356,2,6,England
34,119,2,0.9709418174260525,-0.23931566428755616,8356,2,6,England
34,121,1,0.8854560256532096,-0.46472317204376923,8356,2,6,England
34,122,1,0.8229838658936562,-0.568064746731156,8356,2,6,England
34,124,1,0.6631226582407959,-0.7485107481711005,8356,2,6,England
34,125,2,0.5680647467311569,-0.8229838658936556,8356,2,6,England
34,129,1,0.12053668025532488,-0.9927088740980538,8356,2,6,England
34,133,1,-0.3546048870425352,-0.93501624268541494,8356,2,6,England
35,83,1,-0.5680647467311561,-0.8229838658936561,5725,3,2,England
35,86,1,-0.8229838658936557,-0.5680647467311568,5725,3,2,England
35,88,1,-0.935016242685414,-0.3546048870425378,5725,3,2,England
35,89,1,-0.9709418174260522,-0.2393156642875571,5725,3,2,England
35,93,1,-0.9709418174260523,0.23931566428755627,5725,3,2,England
35,95,3,-0.8854560256532102,0.4647231720437678,5725,3,2,England
35,96,1,-0.8229838658936561,0.5680647467311561,5725,3,2,England
35,99,3,-0.5680647467311554,0.8229838658936567,5725,3,2,England
35,100,1,-0.4647231720437686,0.8854560256532099,5725,3,2,England
35,103,1,-0.12053668025532475,0.9927088740980538,5725,3,2,England
35,104,1,1.2865142978712996e-15,1,5725,3,2,England
35,106,1,0.23931566428755793,0.970941817426052,5725,3,2,England
35,107,1,0.3546048870425353,0.93501624268541494,5725,3,2,England
35,108,1,0.46472317204376773,0.8854560256532104,5725,3,2,England
35,110,1,0.663122658240795,0.7485107481711013,5725,3,2,England
35,116,1,0.992708874098054,0.12053668025532305,5725,3,2,England
35,117,3,1,5.510728592200698e-16,5725,3,2,England
35,120,1,0.9350162426854156,-0.35460488704253357,5725,3,2,England
35,121,1,0.8854560256532096,-0.46472317204376923,5725,3,2,England
35,122,2,0.8229838658936562,-0.568064746731156,5725,3,2,England
35,123,1,0.7485107481711013,-0.663122658240795,5725,3,2,England
35,136,1,-0.663122658240795,-0.7485107481711013,5725,3,2,England
36,87,1,-0.885456025653209,-0.4647231720437701,5559,4,2,England
36,91,1,-1,-4.2861222383783204e-16,5559,4,2,England
36,95,1,-0.8854560256532102,0.4647231720437678,5559,4,2,England
36,97,1,-0.7485107481711012,0.6631226582407951,5559,4,2,England
36,100,2,-0.4647231720437686,0.8854560256532099,5559,4,2,England
36,106,1,0.23931566428755793,0.970941817426052,5559,4,2,England
36,107,1,0.3546048870425353,0.93501624268541494,5559,4,2,England
36,110,1,0.663122658240795,0.7485107481711013,5559,4,2,England
36,112,1,0.8229838658936556,0.5680647467311569,5559,4,2,England
36,113,1,0.8854560256532098,0.4647231720437687,5559,4,2,England
36,128,1,0.23931566428755902,-0.9709418174260517,5559,4,2,England
36,131,2,-0.12053668025532366,-0.992708874098054,5559,4,2,England
36,134,1,-0.4647231720437692,-0.8854560256532096,5559,4,2,England
37,138,1,-0.8229838658936556,-0.568064746731157,8688,2,6,England
38,94,1,-0.93501624268541494,0.35460488704253534,2543,4,1,England
38,114,1,0.9350162426854146,0.35460488704253623,2543,4,1,England
40,138,1,-0.8229838658936556,-0.568064746731157,5384,4,3,England
41,83,1,-0.5680647467311561,-0.8229838658936561,3278,3,4,England
41,92,1,-0.9927088740980541,0.12053668025532208,3278,3,4,England
41,94,1,-0.93501624268541494,0.35460488704253534,3278,3,4,England
41,95,2,-0.8854560256532102,0.4647231720437678,3278,3,4,England
41,96,1,-0.8229838658936561,0.5680647467311561,3278,3,4,England
41,98,1,-0.6631226582407957,0.7485107481711006,3278,3,4,England
41,99,1,-0.5680647467311554,0.8229838658936567,3278,3,4,England
41,102,1,-0.2393156642875589,0.9709418174260518,3278,3,4,England
41,103,1,-0.12053668025532475,0.9927088740980538,3278,3,4,England
41,105,1,0.12053668025532378,0.9927088740980539,3278,3,4,England
41,106,1,0.23931566428755793,0.970941817426052,3278,3,4,England
41,116,1,0.992708874098054,0.12053668025532305,3278,3,4,England
41,117,2,1,5.510728592200698e-16,3278,3,4,England
41,118,1,0.9927088740980541,-0.12053668025532197,3278,3,4,England
41,121,1,0.8854560256532096,-0.46472317204376923,3278,3,4,England
41,122,2,0.8229838658936562,-0.568064746731156,3278,3,4,England
41,126,1,0.46472317204376873,-0.8854560256532098,3278,3,4,England
41,129,1,0.12053668025532488,-0.9927088740980538,3278,3,4,England
41,133,2,-0.3546048870425352,-0.93501624268541494,3278,3,4,England
42,79,1,-0.12053668025532391,-0.9927088740980539,13783,4,10,England
42,84,1,-0.6631226582407951,-0.7485107481711012,13783,4,10,England
42,87,1,-0.885456025653209,-0.4647231720437701,13783,4,10,England
42,88,1,-0.935016242685414,-0.3546048870425378,13783,4,10,England
42,90,1,-0.992708874098054,-0.12053668025532294,13783,4,10,England
42,91,1,-1,-4.2861222383783204e-16,13783,4,10,England
42,92,2,-0.9927088740980541,0.12053668025532208,13783,4,10,England
42,97,1,-0.7485107481711012,0.6631226582407951,13783,4,10,England
42,98,2,-0.6631226582407957,0.7485107481711006,13783,4,10,England
42,99,1,-0.5680647467311554,0.8229838658936567,13783,4,10,England
42,101,1,-0.3546048870425362,0.9350162426854146,13783,4,10,England
42,103,2,-0.12053668025532475,0.9927088740980538,13783,4,10,England
42,104,1,1.2865142978712996e-15,1,13783,4,10,England
42,108,1,0.46472317204376773,0.8854560256532104,13783,4,10,England
42,111,1,0.7485107481711005,0.6631226582407957,13783,4,10,England
42,114,1,0.9350162426854146,0.35460488704253623,13783,4,10,England
42,116,1,0.992708874098054,0.12053668025532305,13783,4,10,England
42,119,1,0.9709418174260525,-0.23931566428755616,13783,4,10,England
42,120,2,0.9350162426854156,-0.35460488704253357,13783,4,10,England
42,121,1,0.8854560256532096,-0.46472317204376923,13783,4,10,England
42,122,1,0.8229838658936562,-0.568064746731156,13783,4,10,England
42,124,1,0.6631226582407959,-0.7485107481711005,13783,4,10,England
42,126,2,0.46472317204376873,-0.8854560256532098,13783,4,10,England
42,127,1,0.3546048870425363,-0.9350162426854146,13783,4,10,England
42,132,1,-0.23931566428755782,-0.970941817426052,13783,4,10,England
42,134,1,-0.4647231720437692,-0.8854560256532096,13783,4,10,England
42,136,1,-0.663122658240795,-0.7485107481711013,13783,4,10,England
44,92,1,-0.9927088740980541,0.12053668025532208,4555,3,3,England
44,96,2,-0.8229838658936561,0.5680647467311561,4555,3,3,England
44,98,2,-0.6631226582407957,0.7485107481711006,4555,3,3,England
44,101,1,-0.3546048870425362,0.9350162426854146,4555,3,3,England
44,102,2,-0.2393156642875589,0.9709418174260518,4555,3,3,England
44,103,4,-0.12053668025532475,0.9927088740980538,4555,3,3,England
44,104,2,1.2865142978712996e-15,1,4555,3,3,England
44,105,1,0.12053668025532378,0.9927088740980539,4555,3,3,England
44,106,1,0.23931566428755793,0.970941817426052,4555,3,3,England
44,107,2,0.3546048870425353,0.93501624268541494,4555,3,3,England
44,108,1,0.46472317204376773,0.8854560256532104,4555,3,3,England
44,109,2,0.5680647467311546,0.8229838658936572,4555,3,3,England
44,110,2,0.663122658240795,0.7485107481711013,4555,3,3,England
44,111,1,0.7485107481711005,0.6631226582407957,4555,3,3,England
44,114,1,0.9350162426854146,0.35460488704253623,4555,3,3,England
44,116,2,0.992708874098054,0.12053668025532305,4555,3,3,England
44,118,1,0.9927088740980541,-0.12053668025532197,4555,3,3,England
44,119,1,0.9709418174260525,-0.23931566428755616,4555,3,3,England
44,120,1,0.9350162426854156,-0.35460488704253357,4555,3,3,England
44,121,2,0.8854560256532096,-0.46472317204376923,4555,3,3,England
44,123,1,0.7485107481711013,-0.663122658240795,4555,3,3,England
44,130,1,6.123031769111886e-16,-1,4555,3,3,England
44,133,1,-0.3546048870425352,-0.93501624268541494,4555,3,3,England
44,137,1,-0.7485107481711016,-0.6631226582407945,4555,3,3,England
45,79,2,-0.12053668025532391,-0.9927088740980539,6292,4,6,England
45,89,1,-0.9709418174260522,-0.2393156642875571,6292,4,6,England
45,93,2,-0.9709418174260523,0.23931566428755627,6292,4,6,England
45,94,1,-0.93501624268541494,0.35460488704253534,6292,4,6,England
45,96,1,-0.8229838658936561,0.5680647467311561,6292,4,6,England
45,99,1,-0.5680647467311554,0.8229838658936567,6292,4,6,England
45,100,1,-0.4647231720437686,0.8854560256532099,6292,4,6,England
45,101,1,-0.3546048870425362,0.9350162426854146,6292,4,6,England
45,102,1,-0.2393156642875589,0.9709418174260518,6292,4,6,England
45,104,1,1.2865142978712996e-15,1,6292,4,6,England
45,111,1,0.7485107481711005,0.6631226582407957,6292,4,6,England
45,112,1,0.8229838658936556,0.5680647467311569,6292,4,6,England
45,113,1,0.8854560256532098,0.4647231720437687,6292,4,6,England
45,116,1,0.992708874098054,0.12053668025532305,6292,4,6,England
45,117,1,1,5.510728592200698e-16,6292,4,6,England
45,121,1,0.8854560256532096,-0.46472317204376923,6292,4,6,England
45,122,1,0.8229838658936562,-0.568064746731156,6292,4,6,England
45,123,2,0.7485107481711013,-0.663122658240795,6292,4,6,England
45,126,1,0.46472317204376873,-0.8854560256532098,6292,4,6,England
45,127,2,0.3546048870425363,-0.9350162426854146,6292,4,6,England
45,129,1,0.12053668025532488,-0.9927088740980538,6292,4,6,England
45,131,1,-0.12053668025532366,-0.992708874098054,6292,4,6,England
45,132,1,-0.23931566428755782,-0.970941817426052,6292,4,6,England
45,134,1,-0.4647231720437692,-0.8854560256532096,6292,4,6,England
45,138,1,-0.8229838658936556,-0.568064746731157,6292,4,6,England
47,86,1,-0.8229838658936557,-0.5680647467311568,3634,3,4,England
47,87,1,-0.885456025653209,-0.4647231720437701,3634,3,4,England
47,88,1,-0.935016242685414,-0.3546048870425378,3634,3,4,England
47,89,1,-0.9709418174260522,-0.2393156642875571,3634,3,4,England
47,90,1,-0.992708874098054,-0.12053668025532294,3634,3,4,England
47,92,2,-0.9927088740980541,0.12053668025532208,3634,3,4,England
47,93,1,-0.9709418174260523,0.23931566428755627,3634,3,4,England
47,101,2,-0.3546048870425362,0.9350162426854146,3634,3,4,England
47,102,2,-0.2393156642875589,0.9709418174260518,3634,3,4,England
47,103,2,-0.12053668025532475,0.9927088740980538,3634,3,4,England
47,104,2,1.2865142978712996e-15,1,3634,3,4,England
47,108,1,0.46472317204376773,0.8854560256532104,3634,3,4,England
47,112,1,0.8229838658936556,0.5680647467311569,3634,3,4,England
47,116,2,0.992708874098054,0.12053668025532305,3634,3,4,England
47,119,1,0.9709418174260525,-0.23931566428755616,3634,3,4,England
47,121,1,0.8854560256532096,-0.46472317204376923,3634,3,4,England
47,122,1,0.8229838658936562,-0.568064746731156,3634,3,4,England
47,126,1,0.46472317204376873,-0.8854560256532098,3634,3,4,England
47,127,2,0.3546048870425363,-0.9350162426854146,3634,3,4,England
47,128,1,0.23931566428755902,-0.9709418174260517,3634,3,4,England
47,129,1,0.12053668025532488,-0.9927088740980538,3634,3,4,England
48,93,1,-0.9709418174260523,0.23931566428755627,9463,2,6,England
48,94,1,-0.93501624268541494,0.35460488704253534,9463,2,6,England
48,97,1,-0.7485107481711012,0.6631226582407951,9463,2,6,England
48,105,1,0.12053668025532378,0.9927088740980539,9463,2,6,England
48,108,1,0.46472317204376773,0.8854560256532104,9463,2,6,England
48,120,1,0.9350162426854156,-0.35460488704253357,9463,2,6,England
48,122,1,0.8229838658936562,-0.568064746731156,9463,2,6,England
49,85,1,-0.7485107481711006,-0.6631226582407957,13920,3,10,England
49,89,2,-0.9709418174260522,-0.2393156642875571,13920,3,10,England
49,99,1,-0.5680647467311554,0.8229838658936567,13920,3,10,England
49,101,1,-0.3546048870425362,0.9350162426854146,13920,3,10,England
49,102,1,-0.2393156642875589,0.9709418174260518,13920,3,10,England
49,105,1,0.12053668025532378,0.9927088740980539,13920,3,10,England
49,106,1,0.23931566428755793,0.970941817426052,13920,3,10,England
49,108,1,0.46472317204376773,0.8854560256532104,13920,3,10,England
49,117,1,1,5.510728592200698e-16,13920,3,10,England
51,88,1,-0.935016242685414,-0.3546048870425378,6852,2,4,England
51,90,1,-0.992708874098054,-0.12053668025532294,6852,2,4,England
51,91,1,-1,-4.2861222383783204e-16,6852,2,4,England
51,92,1,-0.9927088740980541,0.12053668025532208,6852,2,4,England
51,94,1,-0.93501624268541494,0.35460488704253534,6852,2,4,England
51,95,2,-0.8854560256532102,0.4647231720437678,6852,2,4,England
51,101,1,-0.3546048870425362,0.9350162426854146,6852,2,4,England
51,102,1,-0.2393156642875589,0.9709418174260518,6852,2,4,England
51,104,1,1.2865142978712996e-15,1,6852,2,4,England
51,106,2,0.23931566428755793,0.970941817426052,6852,2,4,England
51,107,1,0.3546048870425353,0.93501624268541494,6852,2,4,England
51,108,1,0.46472317204376773,0.8854560256532104,6852,2,4,England
51,113,1,0.8854560256532098,0.4647231720437687,6852,2,4,England
51,115,1,0.9709418174260521,0.23931566428755724,6852,2,4,England
51,116,1,0.992708874098054,0.12053668025532305,6852,2,4,England
51,122,1,0.8229838658936562,-0.568064746731156,6852,2,4,England
51,124,1,0.6631226582407959,-0.7485107481711005,6852,2,4,England
51,125,1,0.5680647467311569,-0.8229838658936556,6852,2,4,England
51,128,1,0.23931566428755902,-0.9709418174260517,6852,2,4,England
51,129,1,0.12053668025532488,-0.9927088740980538,6852,2,4,England
51,134,1,-0.4647231720437692,-0.8854560256532096,6852,2,4,England
52,93,1,-0.9709418174260523,0.23931566428755627,3566,4,2,England
52,96,1,-0.8229838658936561,0.5680647467311561,3566,4,2,England
52,98,1,-0.6631226582407957,0.7485107481711006,3566,4,2,England
52,105,2,0.12053668025532378,0.9927088740980539,3566,4,2,England
52,106,3,0.23931566428755793,0.970941817426052,3566,4,2,England
52,107,1,0.3546048870425353,0.93501624268541494,3566,4,2,England
52,108,1,0.46472317204376773,0.8854560256532104,3566,4,2,England
52,113,2,0.8854560256532098,0.4647231720437687,3566,4,2,England
52,120,1,0.9350162426854156,-0.35460488704253357,3566,4,2,England
52,124,2,0.6631226582407959,-0.7485107481711005,3566,4,2,England
52,125,1,0.5680647467311569,-0.8229838658936556,3566,4,2,England
52,128,2,0.23931566428755902,-0.9709418174260517,3566,4,2,England
52,133,2,-0.3546048870425352,-0.93501624268541494,3566,4,2,England
52,135,1,-0.5680647467311545,-0.8229838658936574,3566,4,2,England
52,137,1,-0.7485107481711016,-0.6631226582407945,3566,4,2,England
52,139,1,-0.8854560256532098,-0.4647231720437688,3566,4,2,England
53,79,1,-0.12053668025532391,-0.9927088740980539,7815,1,4,England
53,81,1,-0.3546048870425354,-0.93501624268541494,7815,1,4,England
53,87,1,-0.885456025653209,-0.4647231720437701,7815,1,4,England
53,89,1,-0.9709418174260522,-0.2393156642875571,7815,1,4,England
53,92,1,-0.9927088740980541,0.12053668025532208,7815,1,4,England
53,95,1,-0.8854560256532102,0.4647231720437678,7815,1,4,England
53,98,1,-0.6631226582407957,0.7485107481711006,7815,1,4,England
53,104,1,1.2865142978712996e-15,1,7815,1,4,England
53,105,1,0.12053668025532378,0.9927088740980539,7815,1,4,England
53,111,1,0.7485107481711005,0.6631226582407957,7815,1,4,England
53,114,1,0.9350162426854146,0.35460488704253623,7815,1,4,England
53,115,1,0.9709418174260521,0.23931566428755724,7815,1,4,England
53,118,1,0.9927088740980541,-0.12053668025532197,7815,1,4,England
53,122,1,0.8229838658936562,-0.568064746731156,7815,1,4,England
54,92,1,-0.9927088740980541,0.12053668025532208,10034,1,4,England
54,97,1,-0.7485107481711012,0.6631226582407951,10034,1,4,England
54,103,1,-0.12053668025532475,0.9927088740980538,10034,1,4,England
54,104,1,1.2865142978712996e-15,1,10034,1,4,England
54,113,2,0.8854560256532098,0.4647231720437687,10034,1,4,England
54,120,1,0.9350162426854156,-0.35460488704253357,10034,1,4,England
54,129,1,0.12053668025532488,-0.9927088740980538,10034,1,4,England
54,139,1,-0.8854560256532098,-0.4647231720437688,10034,1,4,England
55,90,1,-0.992708874098054,-0.12053668025532294,5388,1,7,England
55,91,1,-1,-4.2861222383783204e-16,5388,1,7,England
55,92,1,-0.9927088740980541,0.12053668025532208,5388,1,7,England
55,99,1,-0.5680647467311554,0.8229838658936567,5388,1,7,England
55,112,1,0.8229838658936556,0.5680647467311569,5388,1,7,England
55,113,2,0.8854560256532098,0.4647231720437687,5388,1,7,England
55,116,1,0.992708874098054,0.12053668025532305,5388,1,7,England
55,117,1,1,5.510728592200698e-16,5388,1,7,England
55,124,1,0.6631226582407959,-0.7485107481711005,5388,1,7,England
55,126,1,0.46472317204376873,-0.8854560256532098,5388,1,7,England
55,132,1,-0.23931566428755782,-0.970941817426052,5388,1,7,England
56,83,1,-0.5680647467311561,-0.8229838658936561,4348,4,6,England
56,86,1,-0.8229838658936557,-0.5680647467311568,4348,4,6,England
56,87,2,-0.885456025653209,-0.4647231720437701,4348,4,6,England
56,91,1,-1,-4.2861222383783204e-16,4348,4,6,England
56,92,1,-0.9927088740980541,0.12053668025532208,4348,4,6,England
56,95,1,-0.8854560256532102,0.4647231720437678,4348,4,6,England
56,98,2,-0.6631226582407957,0.7485107481711006,4348,4,6,England
56,99,1,-0.5680647467311554,0.8229838658936567,4348,4,6,England
56,100,1,-0.4647231720437686,0.8854560256532099,4348,4,6,England
56,101,3,-0.3546048870425362,0.9350162426854146,4348,4,6,England
56,111,2,0.7485107481711005,0.6631226582407957,4348,4,6,England
56,114,2,0.9350162426854146,0.35460488704253623,4348,4,6,England
56,115,1,0.9709418174260521,0.23931566428755724,4348,4,6,England
56,117,1,1,5.510728592200698e-16,4348,4,6,England
56,118,1,0.9927088740980541,-0.12053668025532197,4348,4,6,England
56,119,2,0.9709418174260525,-0.23931566428755616,4348,4,6,England
56,121,1,0.8854560256532096,-0.46472317204376923,4348,4,6,England
56,127,1,0.3546048870425363,-0.9350162426854146,4348,4,6,England
56,133,1,-0.3546048870425352,-0.93501624268541494,4348,4,6,England
56,134,1,-0.4647231720437692,-0.8854560256532096,4348,4,6,England
57,108,1,0.46472317204376773,0.8854560256532104,14684,4,1,England
57,115,1,0.9709418174260521,0.23931566428755724,14684,4,1,England
57,117,1,1,5.510728592200698e-16,14684,4,1,England
57,120,1,0.9350162426854156,-0.35460488704253357,14684,4,1,England
57,122,1,0.8229838658936562,-0.568064746731156,14684,4,1,England
57,128,1,0.23931566428755902,-0.9709418174260517,14684,4,1,England
57,132,1,-0.23931566428755782,-0.970941817426052,14684,4,1,England
57,137,1,-0.7485107481711016,-0.6631226582407945,14684,4,1,England
58,90,1,-0.992708874098054,-0.12053668025532294,12183,5,7,England
58,95,1,-0.8854560256532102,0.4647231720437678,12183,5,7,England
58,102,1,-0.2393156642875589,0.9709418174260518,12183,5,7,England
58,104,1,1.2865142978712996e-15,1,12183,5,7,England
58,105,1,0.12053668025532378,0.9927088740980539,12183,5,7,England
58,108,1,0.46472317204376773,0.8854560256532104,12183,5,7,England
58,109,1,0.5680647467311546,0.8229838658936572,12183,5,7,England
58,112,2,0.8229838658936556,0.5680647467311569,12183,5,7,England
58,115,1,0.9709418174260521,0.23931566428755724,12183,5,7,England
58,117,1,1,5.510728592200698e-16,12183,5,7,England
58,120,1,0.9350162426854156,-0.35460488704253357,12183,5,7,England
58,124,1,0.6631226582407959,-0.7485107481711005,12183,5,7,England
58,132,2,-0.23931566428755782,-0.970941817426052,12183,5,7,England
58,138,1,-0.8229838658936556,-0.568064746731157,12183,5,7,England
59,87,1,-0.885456025653209,-0.4647231720437701,5953,4,17,England
59,89,2,-0.9709418174260522,-0.2393156642875571,5953,4,17,England
59,96,2,-0.8229838658936561,0.5680647467311561,5953,4,17,England
59,102,1,-0.2393156642875589,0.9709418174260518,5953,4,17,England
59,105,1,0.12053668025532378,0.9927088740980539,5953,4,17,England
59,108,1,0.46472317204376773,0.8854560256532104,5953,4,17,England
59,115,2,0.9709418174260521,0.23931566428755724,5953,4,17,England
59,121,1,0.8854560256532096,-0.46472317204376923,5953,4,17,England
59,128,1,0.23931566428755902,-0.9709418174260517,5953,4,17,England
59,130,1,6.123031769111886e-16,-1,5953,4,17,England
59,131,1,-0.12053668025532366,-0.992708874098054,5953,4,17,England
60,83,1,-0.5680647467311561,-0.8229838658936561,6961,4,5,England
60,84,1,-0.6631226582407951,-0.7485107481711012,6961,4,5,England
60,87,1,-0.885456025653209,-0.4647231720437701,6961,4,5,England
60,89,1,-0.9709418174260522,-0.2393156642875571,6961,4,5,England
60,93,1,-0.9709418174260523,0.23931566428755627,6961,4,5,England
60,95,1,-0.8854560256532102,0.4647231720437678,6961,4,5,England
60,100,1,-0.4647231720437686,0.8854560256532099,6961,4,5,England
60,107,1,0.3546048870425353,0.93501624268541494,6961,4,5,England
60,110,1,0.663122658240795,0.7485107481711013,6961,4,5,England
60,112,2,0.8229838658936556,0.5680647467311569,6961,4,5,England
60,119,1,0.9709418174260525,-0.23931566428755616,6961,4,5,England
60,120,1,0.9350162426854156,-0.35460488704253357,6961,4,5,England
60,124,2,0.6631226582407959,-0.7485107481711005,6961,4,5,England
60,129,1,0.12053668025532488,-0.9927088740980538,6961,4,5,England
61,114,1,0.9350162426854146,0.35460488704253623,7847,5,5,England
61,117,1,1,5.510728592200698e-16,7847,5,5,England
61,123,1,0.7485107481711013,-0.663122658240795,7847,5,5,England
61,125,1,0.5680647467311569,-0.8229838658936556,7847,5,5,England
61,130,1,6.123031769111886e-16,-1,7847,5,5,England
61,131,1,-0.12053668025532366,-0.992708874098054,7847,5,5,England
61,136,1,-0.663122658240795,-0.7485107481711013,7847,5,5,England
62,88,2,-0.935016242685414,-0.3546048870425378,16537,3,10,England
62,96,1,-0.8229838658936561,0.5680647467311561,16537,3,10,England
62,99,1,-0.5680647467311554,0.8229838658936567,16537,3,10,England
62,102,1,-0.2393156642875589,0.9709418174260518,16537,3,10,England
62,103,1,-0.12053668025532475,0.9927088740980538,16537,3,10,England
62,107,1,0.3546048870425353,0.93501624268541494,16537,3,10,England
62,113,2,0.8854560256532098,0.4647231720437687,16537,3,10,England
62,118,1,0.9927088740980541,-0.12053668025532197,16537,3,10,England
62,121,1,0.8854560256532096,-0.46472317204376923,16537,3,10,England
62,122,1,0.8229838658936562,-0.568064746731156,16537,3,10,England
62,129,1,0.12053668025532488,-0.9927088740980538,16537,3,10,England
63,86,1,-0.8229838658936557,-0.5680647467311568,10933,2,7,England
63,87,1,-0.885456025653209,-0.4647231720437701,10933,2,7,England
63,95,1,-0.8854560256532102,0.4647231720437678,10933,2,7,England
63,98,1,-0.6631226582407957,0.7485107481711006,10933,2,7,England
63,99,2,-0.5680647467311554,0.8229838658936567,10933,2,7,England
63,101,1,-0.3546048870425362,0.9350162426854146,10933,2,7,England
63,105,1,0.12053668025532378,0.9927088740980539,10933,2,7,England
63,106,2,0.23931566428755793,0.970941817426052,10933,2,7,England
63,111,1,0.7485107481711005,0.6631226582407957,10933,2,7,England
63,116,1,0.992708874098054,0.12053668025532305,10933,2,7,England
63,120,1,0.9350162426854156,-0.35460488704253357,10933,2,7,England
63,121,2,0.8854560256532096,-0.46472317204376923,10933,2,7,England
63,122,1,0.8229838658936562,-0.568064746731156,10933,2,7,England
63,124,2,0.6631226582407959,-0.7485107481711005,10933,2,7,England
63,132,2,-0.23931566428755782,-0.970941817426052,10933,2,7,England
63,133,1,-0.3546048870425352,-0.93501624268541494,10933,2,7,England
65,95,2,-0.8854560256532102,0.4647231720437678,13244,1,6,England
65,100,1,-0.4647231720437686,0.8854560256532099,13244,1,6,England
65,101,1,-0.3546048870425362,0.9350162426854146,13244,1,6,England
65,103,1,-0.12053668025532475,0.9927088740980538,13244,1,6,England
65,104,2,1.2865142978712996e-15,1,13244,1,6,England
65,111,2,0.7485107481711005,0.6631226582407957,13244,1,6,England
65,114,1,0.9350162426854146,0.35460488704253623,13244,1,6,England
65,115,2,0.9709418174260521,0.23931566428755724,13244,1,6,England
65,125,1,0.5680647467311569,-0.8229838658936556,13244,1,6,England
65,126,1,0.46472317204376873,-0.8854560256532098,13244,1,6,England
65,130,1,6.123031769111886e-16,-1,13244,1,6,England
65,134,1,-0.4647231720437692,-0.8854560256532096,13244,1,6,England
65,139,1,-0.8854560256532098,-0.4647231720437688,13244,1,6,England
66,100,1,-0.4647231720437686,0.8854560256532099,10523,4,7,England
66,103,1,-0.12053668025532475,0.9927088740980538,10523,4,7,England
66,107,1,0.3546048870425353,0.93501624268541494,10523,4,7,England
66,120,1,0.9350162426854156,-0.35460488704253357,10523,4,7,England
66,122,1,0.8229838658936562,-0.568064746731156,10523,4,7,England
66,128,1,0.23931566428755902,-0.9709418174260517,10523,4,7,England
66,133,1,-0.3546048870425352,-0.93501624268541494,10523,4,7,England
66,137,1,-0.7485107481711016,-0.6631226582407945,10523,4,7,England
67,96,1,-0.8229838658936561,0.5680647467311561,10100,3,9,England
67,100,1,-0.4647231720437686,0.8854560256532099,10100,3,9,England
67,102,1,-0.2393156642875589,0.9709418174260518,10100,3,9,England
67,103,1,-0.12053668025532475,0.9927088740980538,10100,3,9,England
67,104,1,1.2865142978712996e-15,1,10100,3,9,England
67,107,1,0.3546048870425353,0.93501624268541494,10100,3,9,England
67,108,1,0.46472317204376773,0.8854560256532104,10100,3,9,England
67,110,1,0.663122658240795,0.7485107481711013,10100,3,9,England
67,111,1,0.7485107481711005,0.6631226582407957,10100,3,9,England
67,114,1,0.9350162426854146,0.35460488704253623,10100,3,9,England
67,118,1,0.9927088740980541,-0.12053668025532197,10100,3,9,England
67,122,1,0.8229838658936562,-0.568064746731156,10100,3,9,England
67,129,1,0.12053668025532488,-0.9927088740980538,10100,3,9,England
67,133,2,-0.3546048870425352,-0.93501624268541494,10100,3,9,England
67,134,1,-0.4647231720437692,-0.8854560256532096,10100,3,9,England
67,137,1,-0.7485107481711016,-0.6631226582407945,10100,3,9,England
68,97,1,-0.7485107481711012,0.6631226582407951,15602,2,9,England
68,98,1,-0.6631226582407957,0.7485107481711006,15602,2,9,England
68,99,2,-0.5680647467311554,0.8229838658936567,15602,2,9,England
68,100,1,-0.4647231720437686,0.8854560256532099,15602,2,9,England
68,101,1,-0.3546048870425362,0.9350162426854146,15602,2,9,England
68,103,1,-0.12053668025532475,0.9927088740980538,15602,2,9,England
68,105,1,0.12053668025532378,0.9927088740980539,15602,2,9,England
68,106,1,0.23931566428755793,0.970941817426052,15602,2,9,England
68,108,1,0.46472317204376773,0.8854560256532104,15602,2,9,England
68,113,1,0.8854560256532098,0.4647231720437687,15602,2,9,England
68,114,1,0.9350162426854146,0.35460488704253623,15602,2,9,England
68,116,1,0.992708874098054,0.12053668025532305,15602,2,9,England
68,118,1,0.9927088740980541,-0.12053668025532197,15602,2,9,England
68,119,3,0.9709418174260525,-0.23931566428755616,15602,2,9,England
68,120,1,0.9350162426854156,-0.35460488704253357,15602,2,9,England
68,122,3,0.8229838658936562,-0.568064746731156,15602,2,9,England
68,128,1,0.23931566428755902,-0.9709418174260517,15602,2,9,England
68,131,1,-0.12053668025532366,-0.992708874098054,15602,2,9,England
68,133,1,-0.3546048870425352,-0.93501624268541494,15602,2,9,England
69,93,1,-0.9709418174260523,0.23931566428755627,14934,1,8,England
69,99,2,-0.5680647467311554,0.8229838658936567,14934,1,8,England
69,100,1,-0.4647231720437686,0.8854560256532099,14934,1,8,England
69,103,1,-0.12053668025532475,0.9927088740980538,14934,1,8,England
69,104,1,1.2865142978712996e-15,1,14934,1,8,England
69,106,1,0.23931566428755793,0.970941817426052,14934,1,8,England
69,111,1,0.7485107481711005,0.6631226582407957,14934,1,8,England
69,114,1,0.9350162426854146,0.35460488704253623,14934,1,8,England
69,115,1,0.9709418174260521,0.23931566428755724,14934,1,8,England
69,117,1,1,5.510728592200698e-16,14934,1,8,England
69,122,1,0.8229838658936562,-0.568064746731156,14934,1,8,England
69,132,1,-0.23931566428755782,-0.970941817426052,14934,1,8,England
69,133,1,-0.3546048870425352,-0.93501624268541494,14934,1,8,England
69,136,1,-0.663122658240795,-0.7485107481711013,14934,1,8,England
70,99,1,-0.5680647467311554,0.8229838658936567,5625,1,4,England
70,102,1,-0.2393156642875589,0.9709418174260518,5625,1,4,England
70,104,2,1.2865142978712996e-15,1,5625,1,4,England
71,94,1,-0.93501624268541494,0.35460488704253534,7829,5,5,Northern Ireland
71,99,2,-0.5680647467311554,0.8229838658936567,7829,5,5,Northern Ireland
71,101,3,-0.3546048870425362,0.9350162426854146,7829,5,5,Northern Ireland
71,103,1,-0.12053668025532475,0.9927088740980538,7829,5,5,Northern Ireland
71,105,2,0.12053668025532378,0.9927088740980539,7829,5,5,Northern Ireland
71,106,1,0.23931566428755793,0.970941817426052,7829,5,5,Northern Ireland
71,107,1,0.3546048870425353,0.93501624268541494,7829,5,5,Northern Ireland
71,112,1,0.8229838658936556,0.5680647467311569,7829,5,5,Northern Ireland
71,113,1,0.8854560256532098,0.4647231720437687,7829,5,5,Northern Ireland
71,114,2,0.9350162426854146,0.35460488704253623,7829,5,5,Northern Ireland
71,115,1,0.9709418174260521,0.23931566428755724,7829,5,5,Northern Ireland
71,117,2,1,5.510728592200698e-16,7829,5,5,Northern Ireland
71,120,1,0.9350162426854156,-0.35460488704253357,7829,5,5,Northern Ireland
71,123,1,0.7485107481711013,-0.663122658240795,7829,5,5,Northern Ireland
71,125,1,0.5680647467311569,-0.8229838658936556,7829,5,5,Northern Ireland
71,127,1,0.3546048870425363,-0.9350162426854146,7829,5,5,Northern Ireland
71,129,1,0.12053668025532488,-0.9927088740980538,7829,5,5,Northern Ireland
71,130,1,6.123031769111886e-16,-1,7829,5,5,Northern Ireland
72,102,1,-0.2393156642875589,0.9709418174260518,10518,2,9,England
72,103,1,-0.12053668025532475,0.9927088740980538,10518,2,9,England
72,106,1,0.23931566428755793,0.970941817426052,10518,2,9,England
72,107,2,0.3546048870425353,0.93501624268541494,10518,2,9,England
72,113,1,0.8854560256532098,0.4647231720437687,10518,2,9,England
72,114,2,0.9350162426854146,0.35460488704253623,10518,2,9,England
72,115,1,0.9709418174260521,0.23931566428755724,10518,2,9,England
72,118,2,0.9927088740980541,-0.12053668025532197,10518,2,9,England
72,121,1,0.8854560256532096,-0.46472317204376923,10518,2,9,England
72,129,1,0.12053668025532488,-0.9927088740980538,10518,2,9,England
72,131,1,-0.12053668025532366,-0.992708874098054,10518,2,9,England
73,88,1,-0.935016242685414,-0.3546048870425378,5760,5,3,England
73,92,1,-0.9927088740980541,0.12053668025532208,5760,5,3,England
73,93,2,-0.9709418174260523,0.23931566428755627,5760,5,3,England
73,96,1,-0.8229838658936561,0.5680647467311561,5760,5,3,England
73,98,1,-0.6631226582407957,0.7485107481711006,5760,5,3,England
73,107,1,0.3546048870425353,0.93501624268541494,5760,5,3,England
73,110,1,0.663122658240795,0.7485107481711013,5760,5,3,England
73,111,2,0.7485107481711005,0.6631226582407957,5760,5,3,England
73,113,1,0.8854560256532098,0.4647231720437687,5760,5,3,England
73,114,1,0.9350162426854146,0.35460488704253623,5760,5,3,England
73,121,1,0.8854560256532096,-0.46472317204376923,5760,5,3,England
73,124,1,0.6631226582407959,-0.7485107481711005,5760,5,3,England
73,126,1,0.46472317204376873,-0.8854560256532098,5760,5,3,England
73,127,1,0.3546048870425363,-0.9350162426854146,5760,5,3,England
73,130,2,6.123031769111886e-16,-1,5760,5,3,England
74,127,1,0.3546048870425363,-0.9350162426854146,2474,2,3,England
75,104,2,1.2865142978712996e-15,1,2601,3,1,Northern Ireland
75,107,1,0.3546048870425353,0.93501624268541494,2601,3,1,Northern Ireland
75,108,1,0.46472317204376773,0.8854560256532104,2601,3,1,Northern Ireland
75,109,1,0.5680647467311546,0.8229838658936572,2601,3,1,Northern Ireland
75,120,1,0.9350162426854156,-0.35460488704253357,2601,3,1,Northern Ireland
75,122,1,0.8229838658936562,-0.568064746731156,2601,3,1,Northern Ireland
75,124,1,0.6631226582407959,-0.7485107481711005,2601,3,1,Northern Ireland
75,135,1,-0.5680647467311545,-0.8229838658936574,2601,3,1,Northern Ireland
76,99,1,-0.5680647467311554,0.8229838658936567,16149,1,1,England
76,104,1,1.2865142978712996e-15,1,16149,1,1,England
76,109,1,0.5680647467311546,0.8229838658936572,16149,1,1,England
76,111,1,0.7485107481711005,0.6631226582407957,16149,1,1,England
76,115,1,0.9709418174260521,0.23931566428755724,16149,1,1,England
76,118,1,0.9927088740980541,-0.12053668025532197,16149,1,1,England
76,119,1,0.9709418174260525,-0.23931566428755616,16149,1,1,England
76,122,1,0.8229838658936562,-0.568064746731156,16149,1,1,England
76,126,1,0.46472317204376873,-0.8854560256532098,16149,1,1,England
76,127,1,0.3546048870425363,-0.9350162426854146,16149,1,1,England
76,129,1,0.12053668025532488,-0.9927088740980538,16149,1,1,England
76,131,1,-0.12053668025532366,-0.992708874098054,16149,1,1,England
76,135,1,-0.5680647467311545,-0.8229838658936574,16149,1,1,England
76,136,1,-0.663122658240795,-0.7485107481711013,16149,1,1,England
77,115,1,0.9709418174260521,0.23931566428755724,4417,3,3,England
77,117,1,1,5.510728592200698e-16,4417,3,3,England
77,124,1,0.6631226582407959,-0.7485107481711005,4417,3,3,England
77,125,1,0.5680647467311569,-0.8229838658936556,4417,3,3,England
77,130,1,6.123031769111886e-16,-1,4417,3,3,England
77,133,1,-0.3546048870425352,-0.93501624268541494,4417,3,3,England
77,135,2,-0.5680647467311545,-0.8229838658936574,4417,3,3,England
78,116,1,0.992708874098054,0.12053668025532305,8968,3,6,England
78,121,2,0.8854560256532096,-0.46472317204376923,8968,3,6,England
78,123,1,0.7485107481711013,-0.663122658240795,8968,3,6,England
78,124,1,0.6631226582407959,-0.7485107481711005,8968,3,6,England
78,125,1,0.5680647467311569,-0.8229838658936556,8968,3,6,England
78,126,1,0.46472317204376873,-0.8854560256532098,8968,3,6,England
78,131,1,-0.12053668025532366,-0.992708874098054,8968,3,6,England
78,132,1,-0.23931566428755782,-0.970941817426052,8968,3,6,England
78,137,1,-0.7485107481711016,-0.6631226582407945,8968,3,6,England
80,104,1,1.2865142978712996e-15,1,8991,4,6,England
80,109,1,0.5680647467311546,0.8229838658936572,8991,4,6,England
80,110,1,0.663122658240795,0.7485107481711013,8991,4,6,England
80,111,1,0.7485107481711005,0.6631226582407957,8991,4,6,England
80,114,1,0.9350162426854146,0.35460488704253623,8991,4,6,England
80,117,1,1,5.510728592200698e-16,8991,4,6,England
80,125,1,0.5680647467311569,-0.8229838658936556,8991,4,6,England
80,128,1,0.23931566428755902,-0.9709418174260517,8991,4,6,England
80,133,1,-0.3546048870425352,-0.93501624268541494,8991,4,6,England
81,104,1,1.2865142978712996e-15,1,7746,5,5,England
81,112,2,0.8229838658936556,0.5680647467311569,7746,5,5,England
81,114,1,0.9350162426854146,0.35460488704253623,7746,5,5,England
81,115,2,0.9709418174260521,0.23931566428755724,7746,5,5,England
81,116,2,0.992708874098054,0.12053668025532305,7746,5,5,England
81,122,1,0.8229838658936562,-0.568064746731156,7746,5,5,England
81,125,1,0.5680647467311569,-0.8229838658936556,7746,5,5,England
81,126,1,0.46472317204376873,-0.8854560256532098,7746,5,5,England
81,127,2,0.3546048870425363,-0.9350162426854146,7746,5,5,England
81,130,1,6.123031769111886e-16,-1,7746,5,5,England
81,134,1,-0.4647231720437692,-0.8854560256532096,7746,5,5,England
82,106,1,0.23931566428755793,0.970941817426052,4963,1,4,Wales
82,113,1,0.8854560256532098,0.4647231720437687,4963,1,4,Wales
82,116,1,0.992708874098054,0.12053668025532305,4963,1,4,Wales
82,117,1,1,5.510728592200698e-16,4963,1,4,Wales
82,121,1,0.8854560256532096,-0.46472317204376923,4963,1,4,Wales
82,123,1,0.7485107481711013,-0.663122658240795,4963,1,4,Wales
82,128,1,0.23931566428755902,-0.9709418174260517,4963,1,4,Wales
82,134,1,-0.4647231720437692,-0.8854560256532096,4963,1,4,Wales
82,138,1,-0.8229838658936556,-0.568064746731157,4963,1,4,Wales
83,102,2,-0.2393156642875589,0.9709418174260518,14523,3,10,England
83,104,1,1.2865142978712996e-15,1,14523,3,10,England
83,114,1,0.9350162426854146,0.35460488704253623,14523,3,10,England
83,117,2,1,5.510728592200698e-16,14523,3,10,England
83,119,1,0.9709418174260525,-0.23931566428755616,14523,3,10,England
83,123,2,0.7485107481711013,-0.663122658240795,14523,3,10,England
83,125,1,0.5680647467311569,-0.8229838658936556,14523,3,10,England
83,128,1,0.23931566428755902,-0.9709418174260517,14523,3,10,England
83,130,1,6.123031769111886e-16,-1,14523,3,10,England
83,131,1,-0.12053668025532366,-0.992708874098054,14523,3,10,England
83,132,2,-0.23931566428755782,-0.970941817426052,14523,3,10,England
83,134,1,-0.4647231720437692,-0.8854560256532096,14523,3,10,England
84,99,1,-0.5680647467311554,0.8229838658936567,14114,4,11,England
84,102,1,-0.2393156642875589,0.9709418174260518,14114,4,11,England
84,113,1,0.8854560256532098,0.4647231720437687,14114,4,11,England
84,115,2,0.9709418174260521,0.23931566428755724,14114,4,11,England
84,117,1,1,5.510728592200698e-16,14114,4,11,England
84,127,1,0.3546048870425363,-0.9350162426854146,14114,4,11,England
84,130,1,6.123031769111886e-16,-1,14114,4,11,England
84,132,1,-0.23931566428755782,-0.970941817426052,14114,4,11,England
84,139,1,-0.8854560256532098,-0.4647231720437688,14114,4,11,England
85,117,1,1,5.510728592200698e-16,8676,2,9,England
85,122,1,0.8229838658936562,-0.568064746731156,8676,2,9,England
85,123,1,0.7485107481711013,-0.663122658240795,8676,2,9,England
85,127,2,0.3546048870425363,-0.9350162426854146,8676,2,9,England
86,104,1,1.2865142978712996e-15,1,6020,1,8,England
86,107,1,0.3546048870425353,0.93501624268541494,6020,1,8,England
86,108,1,0.46472317204376773,0.8854560256532104,6020,1,8,England
86,125,1,0.5680647467311569,-0.8229838658936556,6020,1,8,England
86,130,1,6.123031769111886e-16,-1,6020,1,8,England
86,133,1,-0.3546048870425352,-0.93501624268541494,6020,1,8,England
87,104,2,1.2865142978712996e-15,1,6894,5,4,England
87,114,1,0.9350162426854146,0.35460488704253623,6894,5,4,England
87,115,2,0.9709418174260521,0.23931566428755724,6894,5,4,England
87,116,1,0.992708874098054,0.12053668025532305,6894,5,4,England
87,121,1,0.8854560256532096,-0.46472317204376923,6894,5,4,England
87,123,1,0.7485107481711013,-0.663122658240795,6894,5,4,England
87,124,1,0.6631226582407959,-0.7485107481711005,6894,5,4,England
87,129,1,0.12053668025532488,-0.9927088740980538,6894,5,4,England
87,130,1,6.123031769111886e-16,-1,6894,5,4,England
87,131,1,-0.12053668025532366,-0.992708874098054,6894,5,4,England
87,135,1,-0.5680647467311545,-0.8229838658936574,6894,5,4,England
87,139,1,-0.8854560256532098,-0.4647231720437688,6894,5,4,England
88,103,1,-0.12053668025532475,0.9927088740980538,15950,3,10,England
88,106,1,0.23931566428755793,0.970941817426052,15950,3,10,England
88,112,1,0.8229838658936556,0.5680647467311569,15950,3,10,England
88,113,1,0.8854560256532098,0.4647231720437687,15950,3,10,England
88,114,1,0.9350162426854146,0.35460488704253623,15950,3,10,England
88,115,1,0.9709418174260521,0.23931566428755724,15950,3,10,England
88,116,1,0.992708874098054,0.12053668025532305,15950,3,10,England
88,120,1,0.9350162426854156,-0.35460488704253357,15950,3,10,England
88,122,1,0.8229838658936562,-0.568064746731156,15950,3,10,England
88,123,1,0.7485107481711013,-0.663122658240795,15950,3,10,England
88,126,1,0.46472317204376873,-0.8854560256532098,15950,3,10,England
88,129,1,0.12053668025532488,-0.9927088740980538,15950,3,10,England
88,132,1,-0.23931566428755782,-0.970941817426052,15950,3,10,England
88,135,1,-0.5680647467311545,-0.8229838658936574,15950,3,10,England
88,136,1,-0.663122658240795,-0.7485107481711013,15950,3,10,England
88,137,1,-0.7485107481711016,-0.6631226582407945,15950,3,10,England
89,113,1,0.8854560256532098,0.4647231720437687,7780,4,1,Scotland
89,116,1,0.992708874098054,0.12053668025532305,7780,4,1,Scotland
89,119,1,0.9709418174260525,-0.23931566428755616,7780,4,1,Scotland
89,120,1,0.9350162426854156,-0.35460488704253357,7780,4,1,Scotland
89,125,2,0.5680647467311569,-0.8229838658936556,7780,4,1,Scotland
89,127,1,0.3546048870425363,-0.9350162426854146,7780,4,1,Scotland
89,132,1,-0.23931566428755782,-0.970941817426052,7780,4,1,Scotland
89,137,1,-0.7485107481711016,-0.6631226582407945,7780,4,1,Scotland
89,139,1,-0.8854560256532098,-0.4647231720437688,7780,4,1,Scotland
90,106,1,0.23931566428755793,0.970941817426052,7559,3,8,England
90,112,2,0.8229838658936556,0.5680647467311569,7559,3,8,England
90,115,1,0.9709418174260521,0.23931566428755724,7559,3,8,England
90,120,1,0.9350162426854156,-0.35460488704253357,7559,3,8,England
90,123,2,0.7485107481711013,-0.663122658240795,7559,3,8,England
90,127,1,0.3546048870425363,-0.9350162426854146,7559,3,8,England
90,131,1,-0.12053668025532366,-0.992708874098054,7559,3,8,England
90,135,1,-0.5680647467311545,-0.8229838658936574,7559,3,8,England
90,136,1,-0.663122658240795,-0.7485107481711013,7559,3,8,England
91,126,1,0.46472317204376873,-0.8854560256532098,14855,2,6,England
91,127,1,0.3546048870425363,-0.9350162426854146,14855,2,6,England
91,128,1,0.23931566428755902,-0.9709418174260517,14855,2,6,England
91,129,1,0.12053668025532488,-0.9927088740980538,14855,2,6,England
91,136,1,-0.663122658240795,-0.7485107481711013,14855,2,6,England
91,137,1,-0.7485107481711016,-0.6631226582407945,14855,2,6,England
91,138,1,-0.8229838658936556,-0.568064746731157,14855,2,6,England
92,105,1,0.12053668025532378,0.9927088740980539,8581,3,8,Scotland
92,111,1,0.7485107481711005,0.6631226582407957,8581,3,8,Scotland
92,115,2,0.9709418174260521,0.23931566428755724,8581,3,8,Scotland
92,118,2,0.9927088740980541,-0.12053668025532197,8581,3,8,Scotland
92,119,1,0.9709418174260525,-0.23931566428755616,8581,3,8,Scotland
92,124,1,0.6631226582407959,-0.7485107481711005,8581,3,8,Scotland
92,125,1,0.5680647467311569,-0.8229838658936556,8581,3,8,Scotland
92,127,1,0.3546048870425363,-0.9350162426854146,8581,3,8,Scotland
92,128,1,0.23931566428755902,-0.9709418174260517,8581,3,8,Scotland
92,131,2,-0.12053668025532366,-0.992708874098054,8581,3,8,Scotland
92,134,1,-0.4647231720437692,-0.8854560256532096,8581,3,8,Scotland
92,138,1,-0.8229838658936556,-0.568064746731157,8581,3,8,Scotland
